xx,sepalgland_phytools,lam_blade_phytools,petiole_phytools,lateral_organ,petal,anther,style,pedicel,NWOW,calyx,laminar,floralnec,petal_binary,lam_blade_binary,petiole_binary,X.1
Peridiscus_lucidus,0,0,0,0,0,0,0,0,0,0,0,0,0,0,0,
Ochna_multiflora,0,0,0,0,0,0,0,0,0,0,0,0,0,0,0,
Centroplacus,0,0,0,0,0,0,0,0,1,0,0,0,0,0,0,
Bhesa_robustaSplice,0,0,0,0,0,0,0,0,1,0,0,0,0,0,0,
Elatine_triandra,0,0,0,0,0,0,0,0,0,0,0,0,0,0,0,
Elatine_minima,0,0,0,0,0,0,0,0,0,0,0,0,0,0,0,
Bergia_texana,0,0,0,0,0,0,0,0,0,0,0,0,0,0,0,
Bergia_pedicellaris,0,0,0,0,0,0,0,0,1,0,0,0,0,0,0,
Diacidia_ferruginea,1,0,0,0,0,0,0,0,0,1,0,0,0,0,0,
Diacidia_galphimioides,1,0,0,0,0,0,0,0,0,1,0,0,0,0,0,
Blepharandra_fimbriata,1,2,0,1,0,0,0,0,0,1,1,0,0,1,0,
Blepharandra_hypoleuca,1,0,0,0,0,0,0,0,0,1,0,0,0,0,0,
Blepharandra_heteropetala,1,0,0,0,0,0,0,0,0,1,0,0,0,0,0,
Byrsonima_lucida,1,0,0,0,0,0,0,0,0,1,0,0,0,0,0,
Byrsonima_triopterifolia,1,0,0,0,0,0,0,0,0,1,0,0,0,0,0,
Byrsonima_morii,1,0,0,0,0,0,0,0,0,1,0,0,0,0,0,
Byrsonima_crassifolia,1,0,0,0,0,0,0,0,0,1,0,0,0,0,0,
Byrsonima_basiloba,1,0,0,0,0,0,0,0,0,1,0,0,0,0,0,
Byrsonima_duckeana,1,0,0,0,0,0,0,0,0,1,0,0,0,0,0,
Byrsonima_crispa,1,0,0,0,0,0,0,0,0,1,0,0,0,0,0,
Byrsonima_macrophylla,1,0,0,0,0,0,0,0,0,1,0,0,0,0,0,
Byrsonima_coccolobifolia,1,0,0,0,0,0,0,0,0,1,0,0,0,0,0,
Pterandra_arborea,1,0,0,0,1,0,0,0,0,1,0,1,1,0,0,
Acmanthera_latifolia,1,0,0,0,0,0,0,0,0,1,0,0,0,0,0,
Galphimia_gracilis,0,2,0,1,0,0,0,0,0,0,1,0,0,1,0,
Galphimia_brasiliensis,0,2,0,1,0,0,0,0,0,0,1,0,0,1,0,
Galphimia_vestita,0,2,0,1,0,0,0,0,0,0,1,0,0,1,0,
Galphimia_angustifolia,0,2,0,1,0,0,0,0,0,0,1,0,0,1,0,
Galphimia_australis,3,2,0,1,0,0,0,0,0,1,1,0,0,1,0,
Galphimia_platyphylla,3,2,0,1,0,0,0,0,0,1,1,0,0,1,0,
Galphimia_glauca,0,2,0,1,0,0,0,0,0,0,1,0,0,1,0,
Galphimia_langlassei,3,2,0,1,0,0,0,0,0,1,1,0,0,1,0,
Galphimia_oaxacana,3,2,0,1,0,0,0,0,0,1,1,0,0,1,0,
Galphimia_mirandae,3,4,0,1,0,0,0,0,0,1,1,0,0,1,0,
Galphimia_glandulosa,3,0,1,2,0,0,0,0,0,1,1,0,0,0,1,
Galphimia_mexiae,0,2,0,1,0,0,0,0,0,0,1,0,0,1,0,
Galphimia_elegans,0,0,1,2,0,0,0,0,0,0,1,0,0,0,1,
Verrucularia_glaucophylla,1,0,0,0,0,0,0,0,0,1,0,0,0,0,0,
Lophanthera_lactescens,1,1,1,3,0,0,0,0,0,1,1,0,0,1,1,
Lophanthera_pendula,3,1,2,4,0,0,0,0,0,1,1,0,0,1,1,
Lophanthera_longifolia,1,1,2,3,0,0,0,0,0,1,1,0,0,1,1,
Lophanthera_hammelii,1,1,0,1,0,0,0,0,0,1,1,0,0,1,0,
Spachea_tricarpa,1,4,0,1,0,0,0,0,0,1,1,0,0,1,0,
Spachea_membranacea,1,3,2,3,0,0,0,0,0,1,1,0,0,1,1,
Spachea_correae,1,4,0,1,0,0,0,0,0,1,1,0,0,1,0,
Spachea_elegans,1,3,2,3,0,0,0,0,0,1,1,0,0,1,1,
Acridocarpus_macrocalyx,3,1,0,1,0,0,0,0,1,1,1,0,0,1,0,
Acridocarpus_staudtii,3,1,0,1,0,0,0,0,1,1,1,0,0,1,0,
Acridocarpus_natalitius,3,1,0,1,0,0,0,0,1,1,1,0,0,1,0,
Acridocarpus_scheffleri,0,0,0,0,0,0,0,0,1,0,0,0,0,0,0,
Acridocarpus_zanzibaricus,3,1,0,1,0,0,0,0,1,1,1,0,0,1,0,
Acridocarpus_orientalis,3,1,0,1,0,0,0,0,1,1,1,0,0,1,0,
Acridocarpus_chevalieri,3,0,0,0,0,0,0,0,1,1,0,0,0,0,0,
Acridocarpus_alternifolius,3,1,0,1,0,0,0,0,1,1,1,0,0,1,0,
Acridocarpus_spectabilis,3,1,2,3,0,0,0,0,1,1,1,0,0,1,1,
Acridocarpus_smeathmannii,3,1,0,1,0,0,0,0,1,1,1,0,0,1,0,
Acridocarpus_humbertii,0,1,0,1,0,0,0,0,1,0,0,0,0,1,0,
Acridocarpus_excelsus,0,1,0,1,0,0,0,0,1,0,1,0,0,1,0,
Acridocarpus_adenophorus,3,1,0,1,0,0,0,0,1,1,1,0,0,1,0,
Brachylophon_curtisii,0,0,0,0,0,0,0,0,1,0,0,0,0,0,0,
Burdachia_sphaerocarpa,1,1,0,1,1,0,0,0,0,1,1,1,1,1,0,
Glandonia_macrocarpa,1,1,0,1,0,0,0,0,0,1,1,0,0,1,0,
Mcvaughia_bahiana,1,1,0,1,0,0,0,0,0,1,1,0,0,1,0,
Ptilochaeta_bahiensis,0,0,0,0,0,0,0,0,0,0,0,0,0,0,0,
Ptilochaeta_nudipes,0,0,0,0,0,0,0,0,0,0,0,0,0,0,0,
Dinemagonum_gayanum,4,0,0,0,2,0,0,0,0,1,0,1,1,0,0,
Dinemandra_ericoides,2,0,0,0,0,0,0,0,0,1,0,0,0,0,0,
Lophopterys_inpana,3,1,1,1,1,0,0,0,0,1,1,1,1,1,1,
Lophopterys_floribunda,3,0,0,0,1,0,0,0,0,1,0,1,1,0,0,
Excentradenia_propinqua,1,4,0,1,1,0,0,0,0,1,1,1,1,1,0,
Hiraea_smilacina,1,2,2,3,1,0,0,0,0,1,1,1,1,1,1,
Hiraea_fagifolia,1,2,2,3,1,0,0,0,0,1,1,1,1,1,1,
Hiraea_reclinata,1,2,2,3,1,0,0,0,0,1,1,1,1,1,1,
Hiraea_barclayana,2,2,2,3,0,0,0,0,0,1,1,0,0,1,1,
Hiraea_wiedeana,2,4,2,4,1,0,0,0,0,1,1,1,1,1,1,
Psychopterys_rivularis,0,1,1,3,0,0,0,0,0,0,1,0,0,1,1,
Psychopterys_mcvaughii,0,1,1,3,0,0,0,0,0,0,1,0,0,1,1,
Adelphia_hiraea,1,0,2,3,0,0,0,0,0,1,1,1,0,0,1,
Adelphia_macrophylla,1,0,2,3,0,0,0,0,0,1,1,1,0,0,1,
Alicia_macrodisca,2,1,0,1,0,0,0,0,0,1,1,0,0,1,0,
Tetrapterys_pusilla,1,1,0,1,0,0,0,0,0,1,1,0,0,1,0,
Tetrapterys_fimbripetala,1,2,0,1,0,0,0,0,1,1,1,0,0,1,0,
Tetrapterys_styloptera,2,2,0,1,0,0,0,0,0,1,1,0,0,1,0,
Tetrapterys_arcana,2,2,0,1,0,0,0,0,0,1,1,0,0,1,0,
Tetrapterys_vacciniifolia,2,2,0,1,0,0,0,0,0,1,1,0,0,1,0,
Tetrapterys_seleriana,2,2,0,1,0,0,0,0,0,1,1,0,0,1,0,
Tetrapterys_maranhamensis,2,2,0,1,0,0,0,0,0,1,1,0,0,1,0,
Tetrapterys_microphylla,2,2,0,1,0,0,0,0,0,1,1,0,0,1,0,
Tetrapterys_cardiophylla,2,2,0,1,0,0,0,0,0,1,1,0,0,1,0,
Tetrapterys_salicifolia,2,2,0,1,0,0,0,0,0,1,1,0,0,1,0,
Tetrapterys_ambigua,2,2,0,1,0,0,0,0,0,1,1,0,0,1,0,
Tetrapterys_paludosa,1,0,0,0,0,0,0,0,1,0,0,0,0,0,0,
Niedenzuella_acutifolia,2,2,2,3,0,0,0,0,0,1,1,0,0,1,1,
Niedenzuella_sericea,2,0,1,2,0,0,0,0,0,1,1,0,0,0,1,
Niedenzuella_stannea,2,2,1,3,0,0,0,0,0,1,1,0,0,1,1,
Aenigmatanthera_doniana,1,2,1,3,0,0,0,0,0,1,1,0,0,1,1,
Aenigmatanthera_lasiandra,1,2,1,3,0,0,0,0,0,1,1,0,0,1,1,
Tetrapterys_tinifolia,2,2,0,1,0,0,0,0,0,1,1,0,0,1,0,
Tetrapterys_goudotiana,2,2,0,1,0,0,0,0,0,1,1,0,0,1,0,
Tetrapterys_discolor,2,2,0,1,0,0,0,0,0,1,1,0,0,1,0,
Tetrapterys_megalantha,2,2,0,1,0,0,0,0,0,1,1,0,0,1,0,
Tetrapterys_mucronata,2,2,0,1,0,0,0,0,0,1,1,0,0,1,0,
Tetrapterys_schiedeana,2,2,0,1,0,0,0,0,0,1,1,0,0,1,0,
Tetrapterys_phlomoides,2,2,0,1,0,0,0,0,0,1,1,0,0,1,0,
Heteropterys_byrsonimifolia,2,1,0,1,0,0,0,0,0,1,1,0,0,1,0,
Heteropterys_lindeniana,2,2,0,1,0,1,0,0,0,1,1,1,0,1,0,
Heteropterys_laurifolia,2,1,0,1,0,0,0,0,0,1,1,0,0,1,0,
Heteropterys_leona,2,2,0,1,0,0,0,0,0,1,1,0,0,1,0,
Heteropterys_steyermarkii,1,2,1,3,1,0,0,0,0,1,1,1,1,1,1,
Heteropterys_pauciflora,2,0,1,2,0,0,0,0,0,1,1,0,0,0,1,
Heteropterys_leschenaultiana,2,0,1,2,0,0,0,0,0,1,1,0,0,0,1,
Heteropterys_bicolor,2,1,0,1,0,0,0,0,0,1,1,0,0,1,0,
Heteropterys_dumetorum,1,1,0,1,0,0,0,0,0,1,1,0,0,1,0,
Heteropterys_rhopalifolia,2,1,0,1,0,0,0,0,0,1,1,0,0,1,0,
Heteropterys_trichanthera,2,1,1,3,0,0,0,0,0,1,1,0,0,1,1,
Heteropterys_brachiata,2,2,2,3,0,0,0,0,0,1,1,0,0,1,1,
Heteropterys_palmeri,1,0,0,0,0,0,0,0,0,1,0,0,0,0,0,
Heteropterys_rufula,2,1,0,1,0,0,0,0,0,1,1,0,0,1,0,
Heteropterys_pteropetala,2,2,0,1,0,1,0,0,0,1,1,1,0,1,0,
Heteropterys_sincorensis,1,1,0,1,1,0,0,0,0,1,1,1,1,1,0,
Heteropterys_macrostachya,2,1,1,3,0,0,0,0,0,1,1,0,0,1,1,
Heteropterys_bahiensis,0,1,0,1,0,0,0,0,0,0,1,0,0,1,0,
Heteropterys_chrysophylla,1,1,1,3,0,0,0,0,0,1,1,0,0,1,1,
Heteropterys_sericea,1,2,1,3,0,0,0,0,0,1,1,0,0,1,1,
Heteropterys_glazioviana,2,2,3,3,0,0,0,0,0,1,1,0,0,1,1,
Heteropterys_nitida,2,1,0,1,0,0,0,0,0,1,1,0,0,1,0,
Heteropterys_megaptera,2,0,0,0,0,0,0,0,0,1,0,0,0,0,0,
Heteropterys_nordestina,2,1,0,1,1,0,0,0,0,1,1,1,1,1,0,
Heteropterys_imperata,2,3,1,3,1,0,0,0,0,1,1,1,1,1,1,
Heteropterys_cordifolia,2,2,0,1,0,0,0,0,0,1,1,0,0,1,0,
Heteropterys_ciliata,2,2,0,1,0,0,0,0,0,1,1,0,0,1,0,
Heteropterys_capixaba,0,0,1,2,0,0,0,0,0,0,1,0,0,0,1,
Heteropterys_aureosericea,2,1,1,3,0,0,0,0,0,1,1,0,0,1,1,
Heteropterys_catingarum,0,0,0,0,0,0,0,0,0,0,0,0,0,0,0,
Heteropterys_conformis,0,2,1,3,1,0,0,0,0,0,1,1,1,1,1,
Heteropterys_lindleyana,0,2,1,3,0,0,0,0,0,0,1,0,0,1,1,
Heteropterys_ternstroemiifolia,2,0,1,2,0,0,0,0,0,1,1,0,0,0,1,
Heteropterys_sanctorum,2,2,1,3,0,0,0,0,0,1,1,0,0,1,1,
Hiptage_benghalensis,3,3,0,1,0,0,0,0,1,1,1,0,0,1,0,
Hiptage_candicans,3,3,0,1,0,0,0,0,1,1,1,0,0,1,0,
Hiptage_detergens,3,4,0,1,0,0,0,0,1,1,1,0,0,1,0,
Hiptage_poilanei,0,0,0,0,0,0,0,0,1,0,0,0,0,0,0,
Hiptage_aff_stellulifera,4,0,0,0,0,0,0,0,1,1,0,0,0,0,0,
Hiptage_calcicola,0,2,0,1,0,0,0,0,1,0,1,0,0,1,0,
Flabellariopsis_acuminata,0,1,0,1,0,0,0,0,1,0,1,0,0,1,0,
Tetrapterys_argentea,2,2,0,1,0,0,0,0,0,1,1,0,0,1,0,
Tetrapterys_heterophylla,2,2,0,1,0,0,0,0,0,1,1,0,0,1,0,
Tetrapterys_mexicana,2,2,0,1,0,0,0,0,0,1,1,0,0,1,0,
Carolus_chlorocarpus,1,2,0,1,0,0,0,0,0,1,1,0,0,1,0,
Carolus_chasei,1,2,0,1,0,0,0,0,0,1,1,0,0,1,0,
Carolus_anderssonii,1,2,0,1,0,0,0,0,0,1,1,0,0,1,0,
Carolus_sinemariensis,1,2,0,1,0,0,0,0,0,1,1,0,0,1,0,
Dicella_macroptera,2,2,1,3,0,0,0,0,0,1,1,0,0,1,1,
Dicella_conwayi,2,0,0,0,0,0,0,0,0,1,0,0,0,0,0,
Dicella_julianii,2,0,0,0,0,0,0,0,0,1,0,0,0,0,0,
Tricomaria_usillo,2,2,0,1,0,0,0,0,0,1,1,0,0,1,0,
Dicella_bracteosa,2,0,0,0,0,0,0,0,0,1,0,0,0,0,0,
Dicella_nucifera,2,0,0,0,0,0,0,0,0,1,0,0,0,0,0,
Christianella_mesoamericana,1,2,1,3,0,0,0,0,0,1,1,0,0,1,1,
Christianella_multiglandulosa,1,2,1,3,0,0,0,0,0,1,1,0,0,1,1,
Christianella_surinamensis,1,2,1,3,0,0,0,0,0,1,1,0,0,1,1,
Jubelina_uleana,2,1,0,1,1,0,0,0,0,1,1,1,1,1,0,
Jubelina_wilburii,2,1,0,1,2,0,0,0,0,1,1,1,1,1,0,
Alicia_anisopetala,2,1,0,1,0,0,0,0,0,1,1,0,0,1,0,
Callaeum_nicaraguense,2,2,0,1,1,0,0,0,0,1,1,1,1,1,0,
Callaeum_psilophyllum,2,2,0,1,0,0,0,0,0,1,1,0,0,1,0,
Callaeum_antifebrile,2,2,0,1,0,0,0,0,0,1,1,0,0,1,0,
Callaeum_septentrionale,2,2,0,1,1,0,0,0,0,1,1,1,1,1,0,
Callaeum_macropterum,2,2,0,1,1,0,0,0,0,1,1,1,1,1,0,
Callaeum_coactum,2,2,0,1,1,0,0,0,0,1,1,1,1,1,0,
Callaeum_clavipetalum,2,2,0,1,1,0,0,0,0,1,1,1,1,1,0,
Callaeum_malpighioides,2,2,0,1,0,0,0,0,0,1,1,0,0,1,0,
Malpighiodes_bracteosa,1,1,0,1,0,0,0,0,0,1,1,0,0,1,0,
Malpighiodes_guianensis,1,1,1,3,0,0,0,0,0,1,1,0,0,1,1,
Flabellaria_paniculata,0,2,1,3,0,0,0,0,1,0,1,0,0,1,1,
Mezia_araujoi,2,4,2,3,1,0,0,0,0,1,1,1,1,1,1,
Mezia_beckii,2,3,0,1,0,0,0,0,0,1,1,0,0,1,0,
Mezia_angelica,2,3,0,1,0,0,0,0,0,1,1,0,0,1,0,
Mezia_tomentosa,2,0,0,0,0,0,0,0,0,1,0,0,0,0,0,
Mezia_includens,2,1,0,1,0,0,0,0,0,1,1,0,0,1,0,
Mezia_mariposa,2,3,0,1,1,0,0,0,0,1,1,1,1,1,0,
Jubelina_rosea,2,1,0,1,2,1,0,0,0,1,1,1,1,1,0,
Jubelina_riparia,2,1,0,1,2,0,0,0,0,1,1,1,1,1,0,
Amorimia_amazonica,2,3,2,3,1,1,0,0,0,1,1,1,1,1,1,
Amorimia_kariniana,1,1,2,3,0,1,0,0,0,1,1,1,0,1,1,
Amorimia_exotropica,2,1,0,1,0,1,0,0,0,1,1,1,0,1,0,
Amorimia_maritima,2,3,2,3,0,1,0,0,0,1,1,1,0,1,1,
Amorimia_rigida,2,3,0,1,0,1,0,0,0,1,1,1,0,1,0,
Amorimia_velutina,2,3,0,1,0,1,0,0,0,1,1,1,0,1,0,
Amorimia_septentrionalis,2,1,0,1,0,1,0,0,0,1,1,1,0,1,0,
Calcicola_parvifolia,2,2,0,1,0,0,0,0,0,1,1,0,0,1,0,
Calcicola_sericea,2,2,0,1,0,0,0,0,0,1,1,0,0,1,0,
Malpighia_leticiana,1,1,0,1,0,0,0,0,0,1,1,0,0,1,0,
Malpighia_galeottiana,1,1,0,1,0,0,0,0,0,1,1,0,0,1,0,
Malpighia_mexicana,1,0,0,0,0,0,0,0,0,1,0,0,0,0,0,
Malpighia_emarginata,1,1,0,1,0,0,0,0,0,1,1,0,0,1,0,
Malpighia_stevensii,1,2,0,1,0,0,0,0,0,1,1,0,0,1,0,
Malpighia_romeroana,1,1,0,1,0,0,0,0,0,1,1,0,0,1,0,
Malpighia_wendtii,4,1,0,1,0,0,0,0,0,1,1,0,0,1,0,
Malpighia_glabra,2,3,0,1,0,0,0,0,0,1,1,0,0,1,0,
Malpighia_souzae,4,0,0,0,0,0,0,0,0,1,0,0,0,0,0,
Malpighia_lundellii,2,1,0,1,0,0,0,0,0,1,1,0,0,1,0,
Malpighia_albiflora,2,1,0,1,0,0,0,0,0,1,1,0,0,1,0,
Malpighia_fucata,1,0,0,0,0,0,0,0,0,1,0,0,0,0,0,
Malpighia_urens,1,0,0,0,0,0,0,0,0,1,0,0,0,0,0,
Malpighia_incana,2,0,0,0,0,0,0,0,0,1,0,0,0,0,0,
Malpighia_coccigera,4,0,0,0,0,0,0,0,0,1,0,0,0,0,0,
Malpighia_cnide,1,0,0,0,0,0,0,0,0,1,0,0,0,0,0,
Malpighia_setosa,1,1,0,1,0,0,0,0,0,1,1,0,0,1,0,
Microsteira_argyrophylla,0,0,1,2,0,0,0,0,1,0,1,0,0,0,1,
Madagasikaria_andersonii,0,1,2,3,0,0,0,0,1,0,1,0,0,1,1,
Rhynchophora_phillipsonii,0,3,2,3,0,0,0,0,1,0,1,0,0,1,1,
Rhynchophora_humbertii,0,1,2,4,0,0,0,0,1,0,1,0,0,1,1,
Microsteira_amphiamensis,0,1,0,1,0,0,0,0,1,0,1,0,0,1,0,
Microsteira_curtisii,0,1,0,1,0,0,0,0,1,0,1,0,0,1,0,
Microsteira_paniculata,0,1,0,1,0,0,0,0,1,0,1,0,0,1,0,
Microsteira_diotostigma,0,0,1,2,0,0,0,0,1,0,1,0,0,0,1,
Digoniopterys_microphylla,0,1,0,1,0,0,0,0,1,0,1,0,0,1,0,
Triaspis_nelsonii,0,0,0,0,0,0,0,0,1,0,0,0,0,0,0,
Triaspis_glaucophylla,0,0,0,0,0,0,0,0,1,0,0,0,0,0,0,
Triaspis_hypericoides,0,0,0,0,0,0,0,0,1,0,0,0,0,0,0,
Triaspis_macropteron,0,0,0,0,0,0,0,0,1,0,0,0,0,0,0,
Triaspis_niedenzuiana,0,0,0,0,0,0,0,0,1,0,0,0,0,0,0,
Triaspis_odorata,0,0,0,0,0,0,0,0,1,0,0,0,0,0,0,
Caucanthus_auriculatus,0,1,3,4,0,0,0,0,1,0,1,0,0,1,1,
Aspidopterys_tomentosa,0,0,0,0,0,0,0,0,1,0,0,0,0,0,0,
Mascagnia_vacciniifolia,2,1,0,1,0,0,0,0,0,1,1,0,0,1,0,
Mascagnia_almedae,2,1,2,3,0,0,0,0,0,1,1,0,0,1,1,
Triopterys_paniculata,2,0,0,0,0,0,0,0,0,1,0,0,0,0,0,
Triopterys_jamaicensis,2,0,0,0,0,0,0,0,0,1,0,0,0,0,0,
Mascagnia_divaricata,2,0,2,2,0,0,0,0,0,1,1,0,0,0,1,
Mascagnia_brevifolia,2,1,1,3,0,0,0,0,0,1,1,0,0,1,1,
Mascagnia_eggersiana,2,1,0,1,0,0,0,0,0,1,1,0,0,1,0,
Mascagnia_tenuifolia,2,1,0,1,0,0,0,0,0,1,1,0,0,1,0,
Mascagnia_polybotrya,2,1,0,1,0,0,0,0,0,1,1,0,0,1,0,
Mascagnia_lilacina,2,1,0,1,0,0,0,0,0,1,1,0,0,1,0,
Mascagnia_schunkei,2,1,0,1,0,0,0,0,0,1,1,0,0,1,0,
Mascagnia_strigulosa,2,0,0,0,0,0,0,1,0,1,0,0,0,0,0,
Mascagnia_tomentosa,2,3,0,1,0,0,0,0,0,1,1,0,0,1,0,
Mascagnia_australis,2,3,0,1,0,0,0,0,0,1,1,0,0,1,0,
Mascagnia_arenicola,2,3,0,1,0,0,0,0,0,1,1,0,0,1,0,
Mascagnia_dissimilis,2,0,0,0,0,0,0,0,0,1,0,0,0,0,0,
Mascagnia_cordifolia,1,1,1,3,0,0,0,0,0,1,1,0,0,1,1,
Mascagnia_affinis,2,1,1,3,0,0,0,0,0,1,1,0,0,1,1,
Ectopopterys_soejartoi,0,1,2,3,0,1,0,0,0,0,1,1,0,1,1,
Stigmaphyllon_selerianum,2,2,2,3,0,0,0,0,0,1,1,0,0,1,1,
Stigmaphyllon_sagraeanum,2,1,2,4,0,0,0,0,0,1,1,0,0,1,1,
Stigmaphyllon_paralias,2,0,2,2,0,0,0,0,0,1,1,0,0,0,1,
Stigmaphyllon_cuzcanum,2,2,2,3,0,0,0,0,0,1,1,0,0,1,1,
Stigmaphyllon_finlayanum,2,2,2,3,0,0,0,0,0,1,1,0,0,1,1,
Stigmaphyllon_aberrans,2,2,2,3,0,0,0,0,0,1,1,0,0,1,1,
Stigmaphyllon_calcaratum,2,2,2,3,0,0,0,0,0,1,1,0,0,1,1,
Stigmaphyllon_lindenianum,2,2,2,4,0,0,0,0,0,1,1,0,0,1,1,
Stigmaphyllon_retusum,2,2,2,3,0,0,0,0,0,1,1,0,0,1,1,
Stigmaphyllon_ellipticum,2,0,2,2,0,0,0,0,0,1,1,0,0,0,1,
Stigmaphyllon_ciliatum,2,2,2,3,0,0,0,0,0,1,1,0,0,1,1,
Stigmaphyllon_pseudopuberum,2,2,2,3,0,0,0,0,0,1,1,0,0,1,1,
Stigmaphyllon_puberum,2,2,2,3,0,0,0,0,0,1,1,0,0,1,1,
Stigmaphyllon_bogotense,2,2,2,3,0,0,0,0,0,1,1,0,0,1,1,
Diplopterys_valvata,0,1,2,3,0,0,0,0,0,0,1,0,0,1,1,
Diplopterys_leiocarpa,0,2,0,1,0,1,0,0,0,0,1,1,0,1,0,
Diplopterys_lutea,0,0,1,2,0,0,0,0,0,0,1,0,0,0,1,
Diplopterys_rondoniensis,1,2,0,1,1,0,0,0,0,1,1,1,1,1,0,
Diplopterys_hypericifolia,2,0,0,0,0,0,0,0,0,1,0,0,0,0,0,
Diplopterys_virgultosa,2,0,0,0,0,1,0,0,0,1,0,1,0,0,0,
Diplopterys_amplectens,2,2,0,1,0,0,0,0,0,1,1,0,0,1,0,
Diplopterys_pubipetala,2,0,0,0,0,0,0,0,0,1,0,0,0,0,0,
Diplopterys_nutans,2,2,0,1,1,0,0,0,0,1,1,1,1,1,0,
Diplopterys_longialata,2,2,0,1,0,0,0,0,0,1,1,0,0,1,0,
Diplopterys_cabrerana,1,1,0,1,0,0,0,0,0,1,1,0,0,1,0,
Camarea_axillaris,2,1,0,1,0,0,0,0,0,1,1,0,0,1,0,
Camarea_affinis,2,1,0,1,0,0,0,0,0,1,1,0,0,1,0,
Aspicarpa_hyssopifolia,0,0,0,0,0,0,0,0,0,0,0,0,0,0,0,https://www.biodiversitylibrary.org/page/32406679#page/176/mode/1up
Aspicarpa_hirtella,1,0,0,0,0,0,0,0,0,1,0,0,0,0,0,https://webapps.lsa.umich.edu/herb/malpigh/StigClade/Aspicarpa/AspBreHir.html
Gaudichaudia_diandra,2,2,0,1,0,0,0,0,0,1,1,0,0,1,0,https://webapps.lsa.umich.edu/herb/malpigh/MALPpdf/FNic2001.pdf
Gaudichaudia_albida,2,2,0,1,0,0,0,0,0,1,1,0,0,1,0,https://webapps.lsa.umich.edu/herb/malpigh/MALPpdf/FNic2001.pdf
Gaudichaudia_hexandra,2,2,0,1,0,0,0,0,0,1,1,0,0,1,0,https://webapps.lsa.umich.edu/herb/malpigh/MALPpdf/FNic2001.pdf
Gaudichaudia_galeottiana,2,2,0,1,0,0,0,0,0,1,1,0,0,1,0,https://webapps.lsa.umich.edu/herb/malpigh/MALPpdf/FNic2001.pdf
Gaudichaudia_krusei,2,2,0,1,0,0,0,0,0,1,1,0,0,1,0,https://webapps.lsa.umich.edu/herb/malpigh/MALPpdf/FNic2001.pdf
Gaudichaudia_cycloptera,2,2,0,1,0,0,0,0,0,1,1,0,0,1,0,https://webapps.lsa.umich.edu/herb/malpigh/MALPpdf/FNic2001.pdf
Gaudichaudia_cynanchoides,2,2,0,1,0,0,0,0,0,1,1,0,0,1,0,https://webapps.lsa.umich.edu/herb/malpigh/MALPpdf/FNic2001.pdf
Gaudichaudia_subverticillata,2,0,0,1,0,0,0,0,0,1,1,0,0,0,0,https://www.biodiversitylibrary.org/page/366880#page/77/mode/1up
Gaudichaudia_mcvaughii,2,2,0,1,0,0,0,0,0,1,1,0,0,1,0,https://webapps.lsa.umich.edu/herb/malpigh/MALPpdf/FNic2001.pdf
Aspicarpa_brevipes,2,0,0,0,2,0,0,0,0,1,0,1,1,0,0,"https://www.biodiversitylibrary.org/page/12875404#page/59/mode/1up marks it as Aspicarpa lanata,https://bibdigital.rjb.csic.es/viewer/11048/?offset=#page=314&viewer=picture&o=search&n=0&q=aspicarpa"
Janusia_schwannioides,2,2,0,1,0,0,0,0,0,1,1,0,0,1,0,
Janusia_janusioides,2,0,0,0,0,0,0,0,0,1,0,0,0,0,0,
Janusia_prancei,1,1,0,1,2,0,0,0,0,1,1,1,1,1,0,
Janusia_hexandra,2,0,2,1,0,0,0,0,0,1,0,0,0,0,1,
Janusia_anisandra,2,1,2,3,0,0,0,0,0,1,1,0,0,1,1,
Janusia_mediterranea,2,0,0,0,0,0,0,0,0,1,0,0,0,0,0,
Janusia_linearifolia,2,2,0,1,0,0,0,0,0,1,1,0,0,1,0,
Janusia_guaranitica,2,3,2,3,0,0,0,0,0,1,1,0,0,1,1,
Aspicarpa_salicifolia,1,1,0,1,0,0,0,0,0,1,1,0,0,1,0,
Aspicarpa_pulchella,0,0,0,0,0,0,0,0,0,0,0,0,0,0,0,
Aspicarpa_sericea,0,0,0,0,0,0,0,0,0,0,0,0,0,0,0,
Aspicarpa_harleyi,2,1,0,1,0,0,0,0,0,1,1,0,0,1,0,
Aspicarpa_schininii,2,0,0,0,0,0,0,0,0,1,0,0,0,0,0,
Mionandra_camareoides,2,0,0,0,0,0,0,0,0,1,0,0,0,0,0,
Cordobia_argentea,2,1,0,1,0,0,0,0,0,1,1,0,0,1,0,
Gallardoa_fischeri,2,0,0,0,0,0,0,0,0,1,0,0,0,0,0,
Peixotoa_hispidula,2,1,0,1,2,1,0,0,0,1,1,1,1,1,0,
Peixotoa_reticulata,2,1,2,4,2,1,0,0,0,1,1,1,1,1,1,
Peixotoa_cordistipula,2,1,0,1,2,1,0,0,0,1,1,1,1,1,0,
Peixotoa_bahiana,2,1,0,1,2,1,0,0,0,1,1,1,1,1,0,
Peixotoa_paludosa,2,1,0,1,2,1,0,0,0,1,1,1,1,1,0,
Peixotoa_parviflora,2,1,2,4,2,1,0,0,0,1,1,1,1,1,1,
Peixotoa_tomentosa,2,1,0,1,2,1,0,0,0,1,1,1,1,1,0,
Peixotoa_glabra,2,1,0,1,2,1,0,0,0,1,1,1,1,1,0,
Sphedamnocarpus_angolensis,0,0,2,2,0,0,0,0,1,0,1,0,0,0,1,https://www.biodiversitylibrary.org/page/347969#page/334/mode/1up
Sphedamnocarpus_pruriens,0,1,2,4,0,0,0,0,1,0,1,0,0,1,1,
Sphedamnocarpus_galphimiifolius,0,2,1,3,0,0,0,0,1,0,1,0,0,1,1,https://webapps.lsa.umich.edu/herb/malpigh/MALPpdf/BolSocBro25.pdf
Sphedamnocarpus_poissoni,0,0,2,2,0,0,0,0,1,0,1,0,0,0,1,https://www.biodiversitylibrary.org/page/7332699#page/434/mode/1up pg 114 
Philgamia_hibbertioides,0,0,2,2,0,0,0,0,1,0,1,0,0,0,1,https://webapps.lsa.umich.edu/herb/malpigh/StigClade/Philgamia/PhilHib.html
Philgamia_glabrifolia,0,0,2,2,0,0,0,0,1,0,1,0,0,0,1,https://webapps.lsa.umich.edu/herb/malpigh/StigClade/Philgamia/PhilGla.html
Banisteriopsis_pulcherrima,2,3,0,1,1,1,0,0,0,1,1,1,1,1,0,
Banisteriopsis_elegans,2,3,0,1,1,0,0,0,0,1,1,1,1,1,0,
Banisteriopsis_prancei,2,1,2,4,1,1,0,0,0,1,1,1,1,1,1,
Banisteriopsis_padifolia,2,2,2,3,1,0,0,0,0,1,1,1,1,1,1,
Banisteriopsis_martiniana,2,3,0,1,1,1,0,0,0,1,1,1,1,1,0,
Banisteriopsis_scutellata,2,3,0,1,0,1,0,0,0,1,1,1,0,1,0,https://www.jstor.org/stable/i400088
Banisteriopsis_parviflora,2,3,0,1,0,1,0,0,0,1,1,1,0,1,0,https://www.jstor.org/stable/i400088
Banisteriopsis_basifixa,2,2,1,3,0,1,0,0,0,1,1,1,0,1,1,https://www.jstor.org/stable/i400088
Banisteriopsis_anisandra,2,0,2,2,0,1,0,0,0,1,1,1,0,0,1,
Banisteriopsis_nummifera,2,0,2,2,0,1,0,0,0,1,1,1,0,0,1,
Banisteriopsis_gardneriana,2,0,2,2,0,0,0,0,0,1,1,0,0,0,1,
Banisteriopsis_sellowiana,2,1,2,3,0,1,0,0,0,1,1,1,0,1,1,
Banisteriopsis_laevifolia,2,1,0,1,2,0,0,0,0,1,1,1,1,1,0,
Banisteriopsis_vernoniifolia,2,1,0,1,0,0,0,0,0,1,1,0,0,1,0,
Banisteriopsis_paraguariensis,2,1,0,1,1,0,0,0,0,1,1,1,1,1,0,
Banisteriopsis_argyrophylla,2,1,0,1,1,0,0,0,0,1,1,1,1,1,0,
Banisteriopsis_harleyi,2,2,0,1,2,0,0,0,0,1,1,1,1,1,0,
Banisteriopsis_schizoptera,2,1,0,1,2,1,0,0,0,1,1,1,1,1,0,
Banisteriopsis_stellaris,2,1,0,1,2,1,0,0,0,1,1,1,1,1,0,
Banisteriopsis_acerosa,2,1,0,1,1,0,0,0,0,1,1,1,1,1,0,
Banisteriopsis_caapi,2,1,2,3,1,1,0,0,0,1,1,1,1,1,1,
Banisteriopsis_schwannioides,2,1,0,1,1,1,0,0,0,1,1,1,1,1,0,
Banisteriopsis_megaphylla,2,1,0,1,1,1,0,0,0,1,1,1,1,1,0,
Banisteriopsis_confusa,2,1,0,1,1,1,0,0,0,1,1,1,1,1,0,
Banisteriopsis_latifolia,2,1,0,1,0,1,0,0,0,1,1,1,0,1,0,
Banisteriopsis_adenopoda,2,1,0,1,1,1,0,0,0,1,1,1,1,1,0,
Banisteriopsis_pulchra,2,1,2,3,1,1,0,0,0,1,1,1,1,1,1,
Banisteriopsis_goiana,2,1,0,1,1,1,0,0,0,1,1,1,1,1,0,
Banisteriopsis_muricata,2,1,2,3,1,1,0,0,0,1,1,1,1,1,1,
Banisteriopsis_calcicola,2,1,0,1,1,1,0,0,0,1,1,1,1,1,0,
Banisteriopsis_campestris,2,1,0,1,1,1,0,0,0,1,1,1,1,1,0,
Banisteriopsis_angustifolia,2,1,0,1,1,1,0,0,0,1,1,1,1,1,0,
Bronwenia_mathiasiae,2,2,2,3,1,0,0,0,0,1,1,1,1,1,1,
Bronwenia_acapulcensis,2,2,0,1,1,0,0,0,0,1,1,1,1,1,0,
Bronwenia_cornifolia,2,4,0,1,0,0,0,0,0,1,1,0,0,1,0,
Bronwenia_ferruginea,2,2,0,1,1,0,0,0,0,1,1,1,1,1,0,
Bronwenia_megaptera,2,2,2,3,1,0,0,0,0,1,1,1,1,1,1,
Bronwenia_wurdackii,2,2,2,3,1,0,0,0,0,1,1,1,1,1,1,
Bronwenia_cinerascens,2,2,2,3,1,0,0,0,0,1,1,1,1,1,1,
Echinopterys_eglandulosa,0,0,0,0,0,0,0,0,0,0,0,0,0,0,0,
Echinopterys_setosa,0,0,0,0,0,0,0,0,0,0,0,0,0,0,0,
Thryallis_laburnum,0,1,2,4,0,1,0,0,0,0,1,1,0,1,1,
Thryallis_longifolia,0,3,0,1,0,0,0,0,0,0,1,0,0,1,0,
Thryallis_latifolia,0,1,2,4,0,1,0,0,0,0,1,1,0,1,1,
Thryallis_parviflora,0,1,2,4,0,1,0,0,0,0,1,1,0,1,1,
Bunchosia_maritima,1,1,0,1,2,0,0,0,0,1,1,1,1,1,0,
Bunchosia_ternata,2,1,0,1,0,0,0,0,0,1,1,0,0,1,0,
Bunchosia_veluticarpa,1,1,1,3,1,0,0,0,0,1,1,1,1,1,1,
Bunchosia_pernambucana,1,1,0,1,1,1,0,0,0,1,1,1,1,1,0,
Bunchosia_macrophylla,1,1,0,1,2,0,0,0,0,1,1,1,1,1,0,
Bunchosia_mcvaughii,2,1,0,1,0,0,0,0,0,1,1,0,0,1,0,
Bunchosia_palmeri,2,1,0,1,0,0,0,0,0,1,1,0,0,1,0,
Bunchosia_odorata,1,2,1,3,2,0,0,0,0,1,1,1,1,1,1,
Bunchosia_glandulifera,1,1,0,1,1,0,0,0,0,1,1,0,1,1,0,
Bunchosia_nitida,2,1,0,1,2,0,0,0,0,1,1,1,1,1,0,
Bunchosia_biocellata,1,1,1,3,2,0,0,0,0,1,1,1,1,1,1,
Bunchosia_pringlei,1,0,0,0,0,0,0,1,0,1,0,1,0,0,0,
Bunchosia_caroli,2,1,1,3,1,0,0,0,0,1,1,1,1,1,1,
Bunchosia_luzmariae,1,3,0,1,0,0,0,0,0,1,1,0,0,1,0,
Bunchosia_montana,1,0,0,0,0,0,0,0,0,1,0,0,0,0,0,
Bunchosia_strigosa,1,0,0,0,0,0,0,0,0,1,0,0,0,0,0,
Bunchosia_swartziana,1,1,0,1,0,0,0,0,0,1,1,0,0,1,0,
Bunchosia_lindeniana,1,1,0,1,2,0,0,0,0,1,1,1,1,1,0,
Bunchosia_pilocarpa,1,0,0,0,0,0,0,1,0,1,0,1,0,0,0,
Bunchosia_armeniaca,1,1,0,1,2,1,0,0,0,1,1,1,1,1,0,
Bunchosia_angustifolia,1,1,0,1,2,0,0,0,0,1,1,1,1,1,0,
Bunchosia_paraguariensis,2,1,0,1,2,0,0,0,0,1,1,1,1,1,0,
Bunchosia_pallescens,2,1,0,1,0,1,0,0,0,1,1,1,0,1,0,
Bunchosia_decussiflora,2,1,0,1,1,0,0,0,0,1,1,1,1,1,0,
Bunchosia_hookeriana,1,0,0,0,0,0,0,0,0,1,0,0,0,0,0,
Bunchosia_glandulosa,1,0,2,2,0,0,0,0,0,1,1,0,0,0,1,
Bunchosia_polystachia,1,1,0,1,0,0,0,1,0,1,1,1,0,1,0,
Bunchosia_apiculata,1,1,0,1,2,0,0,1,0,1,1,1,1,1,0,
Bunchosia_deflexa,1,1,0,1,0,0,0,0,0,1,1,0,0,1,0,
Bunchosia_plowmanii,2,1,0,1,2,1,0,0,0,1,1,1,1,1,0,
Bunchosia_matudae,1,1,0,1,0,0,0,0,0,1,1,0,0,1,0,
Bunchosia_cestrifolia,2,1,0,1,1,0,0,0,0,1,1,1,1,1,0,
Bunchosia_systyla,2,1,0,1,2,0,0,0,0,1,1,1,1,1,0,
Bunchosia_pseudonitida,1,1,0,1,2,0,0,0,0,1,1,1,1,1,0,
Bunchosia_mollis,2,1,0,1,2,0,0,0,0,1,1,1,1,1,0,
Tristellateia_australasiae,0,0,0,0,2,0,0,0,1,0,0,1,1,0,0,
Tristellateia_africana,0,2,2,4,0,0,0,0,1,0,1,0,0,1,1,
Tristellateia_madagascariensis,3,2,2,4,0,0,0,0,1,1,1,0,0,1,1,
Heladena_bunchosioides,2,1,0,1,0,0,0,0,0,1,1,0,0,1,0,
Heladena_multiflora,2,2,2,4,0,0,0,0,0,1,1,0,0,1,1,
Henleophytum_echinatum,1,2,2,4,0,0,0,0,0,1,1,0,0,1,1,
Barnebya_dispar,1,1,0,1,0,0,0,0,0,1,1,0,0,1,0,
Hymenanthera_alpina,0,0,0,0,0,0,0,0,0,0,0,0,0,0,0,
Androstachys_johnsonii,0,0,0,0,0,0,0,0,0,0,0,0,0,0,0,
Phyllanthus_calycinus,0,0,0,0,0,0,0,0,0,0,0,0,0,0,0,
Drypetes_roxburghii,0,0,0,0,0,0,0,0,0,0,0,0,0,0,0,
Goupia_glabra,0,0,0,0,0,0,0,0,0,0,0,0,0,0,0,
Acalypha_californica,0,0,0,0,0,0,0,0,0,0,0,0,0,0,0,
Endospermum_moluccanum,0,0,0,0,0,0,0,0,0,0,0,0,0,0,0,
Denhamia_celastroides,0,0,0,0,0,0,0,0,0,0,0,0,0,0,0,
Atuna_racemosa,0,0,0,0,0,0,0,0,0,0,0,0,0,0,0,
Dichapetalum_macrocarpum,0,0,0,0,0,0,0,0,0,0,0,0,0,0,0,